title,selftext,is_comment,score,flair
"$6,000/month running a small online store","Hello, I would like to share with you how my life changed thanks to a random post on Reddit. In short, I had a job that I did not enjoy, I had to wake up early, my boss was very strict, but I could not quit because I needed to support my family. However, one day I came across a post u/ReasonableOutside488 where he talked about how he makes good money online. At first, I was skeptical, but I decided to give it a try, and it really worked. Right now, I make about $300 a day and spend more time with my 5-year-old daughter and wife. I am really grateful u/ReasonableOutside488 for helping me in a difficult time. By the way, his post is still relevant. Maybe it will also change someone else's life for the better.",False,11.0,
The Art of the Crypto Play - What's Your Strategy?,"Everyone approaches crypto with their own unique mindset. Some dive into daily trading, watching charts and making quick moves to capitalise on market swings. Others take a long-term approach, holding their assets for years with strong belief in the future of blockchain technology. Then there are those who combine both strategies or explore entirely different paths like staking, farming, or NFTs.

So what about you? What‚Äôs your personal strategy when it comes to trading or investing in crypto? Are you in it for short-term gains or long-term growth and what inspired you to take that route?
",False,1.0,
How to Win in Crypto No Matter What,"When ETH and BTC go up, I smile because my portfolio‚Äôs growing.
When they go down, I smile even more because I get to buy the dip.
Up or down, I'm playing the long game and stacking either way. 
",False,1.0,
How to Win in Crypto No Matter What,Until the dips don't stop,True,1.0,
My Opinion about ETH future value.,"We all know that in the recent days we had Correction on the ETH and all the market, Some News Affected the market more than before So we had a Correction. But Even we had a Correction and So many people Scared And So many people thought that it was a Downtrend Even thought So many Big companies increased their ETH Reserve. Why?  
Is There something that they are doing this ? Why ETH ? Why not BTC?  
If you watch the list of Big holders of ETH, so may see so many Companies like Bitmine tech that they are a miner company of BTC, They have Three billion Dollar ETH Reserver.  
I think There is something that we don't know. I think We have a Correction, yes! Yes We may have Deeper Correction but in long term ETH has a Great Future and these companies know that.  
I think If BTC is Future Gold and ETH is Future Finance Market. We have a Big TVL on ETH blockchain, and. It will be more and more Every day.  
In every Market we will have Uptrends Downtrends, Correction, And even Consolidation but in my Opinion ETH in bigger time frame will have a great Value.",False,0.0,
My Opinion about ETH future value.,"Technically ETH is more like programmable gold than BTC, gold has many use cases and BTC has one.",True,1.0,
Scam?,"https://preview.redd.it/inv4ct1pa9hf1.png?width=1724&format=png&auto=webp&s=5455386e85078c32b5295a700c0b1559c235a558

Hello guys, anyone could explain me why this happen on all my addresses?",False,0.0,
There is only scams on this sub?,"I barely see any posts that aren‚Äôt scams. Is it just me? I have to leave this sub, sadly.",False,13.0,
There is only scams on this sub?,"Join r/ethereum. This sub is garbage and, just like you, the only things I see are scam attempts.",True,3.0,
There is only scams on this sub?,"There are scams yes, and what lifts me up this cycle is that I don't see anyone falling for them.  0 comments!",True,1.0,
There is only scams on this sub?,Lately seems like it's closing in on 100%,True,1.0,
There is only scams on this sub?,Yeah and they won't do anything about them. I'm tired of reporting them.,True,1.0,
What should I do,"Your Position
	‚Ä¢	Quantity: 20.09688417 ETH
	‚Ä¢	Value: $74,205.53
	‚Ä¢	Avg Cost: $2,453.44
	‚Ä¢	Portfolio Diversity: 100.00%

‚∏ª

Returns
	‚Ä¢	Today‚Äôs Return: +$2,314.10 (+3.80%)
	‚Ä¢	Total Return: +$21,226.97 (+50.50%)

‚∏ª

Staking (Up to 2.71% APY)
	‚Ä¢	Pending Earnings: 0.011154984 ETH
	‚Ä¢	Lifetime Earnings: 0.03692612 ETH
	‚Ä¢	Staked Quantity: 20.096884171 ETH",False,1.0,
What should I do,You could just give it to me.,True,1.0,
What should I do,"Well you could sell


Or

You could not

I hope this helps!",True,1.0,
What should I do,Not sure what to do so just held,True,0.0,
Is this video legit?,"Hi,

I came across a video about using AI to trade on your behalf. Honestly, I don‚Äôt fully understand it, and it‚Äôs probably a scam. I wouldn‚Äôt even be surprised if the video itself was AI-generated. That‚Äôs why I‚Äôm reaching out to you smart individuals to help me figure out if it‚Äôs legit or not.

Link: https://youtu.be/rt-PgpOjddA?si=3S06cIHiqpDQiqhJ",False,0.0,
Ethereum $8K‚Äì$10K? Dominance Surge & ML Forecasts Explained!,"Ethereum‚Äôs dominance, market share trends, and price potential during the 2025 bull run. We use historical dominance cycles, market cap projections, and machine learning forecasts to estimate realistic ETH price targets between $8.2K and $10K under peak conditions.

üìä Models: ETH Dominance, Market Cap Scenarios, ML Forecasts  
üîç Outlook: ETH $8.2K (base bull), $10K (euphoria) | BTC dominance impact  
üõë Not financial advice",False,8.0,
Anyone else feel like ETH is about to erupt?,Any insights on when Ethereum might finally break out? Feels like it's been coiling for a while.,False,28.0,
Anyone else feel like ETH is about to erupt?,Its highly possible such a pullback triggers a rally. The question is when the bottom,True,3.0,
Anyone else feel like ETH is about to erupt?,"I don't know, but I'll just continue to buy and stake.",True,2.0,
Anyone else feel like ETH is about to erupt?,About three fifty,True,2.0,
Anyone else feel like ETH is about to erupt?,Expect a nasty correction first before going to new highs. Top is in and the correction is just starting.,True,2.0,
Anyone else feel like ETH is about to erupt?,Going to rocket to $10k,True,2.0,
Anyone else feel like ETH is about to erupt?,Yep but not till Trump's new trade wars fizzle out. This new one might send us for another -10% down imueo (in my uneducated opinion),True,1.0,
Anyone else feel like ETH is about to erupt?,"100%. Posted a write up in my Substack about this today. It‚Äôs not a trade it‚Äôs a long term wealth building hold.

https://nnntrader.substack.com/p/ethereum-the-bet",True,1.0,
Anyone else feel like ETH is about to erupt?,Already did. It‚Äôs done.,True,1.0,
Anyone else feel like ETH is about to erupt?,Hopefully it bottoms down to the 3.1,True,1.0,
Anyone else feel like ETH is about to erupt?,Theres not much to support that other than hopium.,True,1.0,
Anyone else feel like ETH is about to erupt?,No,True,1.0,
Anyone else feel like ETH is about to erupt?,"Never, use solana",True,1.0,
Anyone else feel like ETH is about to erupt?,I feel like I should have cashed out two weeks ago.,True,1.0,
Anyone else feel like ETH is about to erupt?,"your comments aged like milk as always. ""correction just starting""",True,1.0,
Anyone else feel like ETH is about to erupt?,I thought it was 4 years ago and here I am.,True,1.0,
Anyone else feel like ETH is about to erupt?,Since i sold‚Ä¶ yes,True,1.0,
Anyone else feel like ETH is about to erupt?,Slow chop in August to a rip in September,True,1.0,
What site or physical vendor lets me buy with CC in NY without >9% fees in NY?,"Coinbase removed the Credit Card option entirely due to some unsavory people using cards of people they do not know, so that's for all U.S. states.

However, I heard that other brokerages refuse CC usage if you're in NY/NYC even if it's advertised you can use it. Can someone point me to the right place where I can use a CC to purchase any crypto? I can also use cash and money order but realistically the only thing an exchange would take is a CC.

It also has to be on an exchange that gives me a seed phrase so I can ""recover"" it on a safer wallet and send it to a second wallet on the safer wallet system. I'm open to suggestions for a good safe wallet for Windows, though I think I know one already.

I can go to NJ just to log in, but if I'm making the account, it will be while I'm in NYC and also all my IDs say ""NY"" on them. :/

Other question: in what situations is a tax form generated and sent or sent or sent based on what you are doing on an exchange?",False,2.0,
ETH Breakout: Is Altseason Officially Here?,"Looking at the recent performance of Ethereum (ETH), it's hard to ignore the significant upward trend! ETH is at $3,840.92 at the time of writing,  a remarkable 18.8% increase over the last year (1Y). More importantly, the current price is a strong breakout from what looked like a period of consolidation and even a dip around March-May.

This kind of strong upward movement in Ethereum is often a key indicator for the broader altcoin market. Historically, ETH has acted as a bellwether for ""Altseason"" ‚Äì a period where many alternative cryptocurrencies (altcoins) experience substantial gains, often outperforming Bitcoin and even Ethereum itself.

**Why is ETH's breakout relevant to Altseason?**
 **Increased Confidence:** A strong ETH signals renewed investor confidence in the smart contract platform that underpins a vast majority of altcoins, including DeFi, NFTs, and various dApps.
 **Capital Rotation:** As ETH gains momentum, profits from ETH holdings often rotate into smaller-cap altcoins, fueling their price appreciation.
 **Ecosystem Health:** ETH's strength reflects the overall health and adoption of its ecosystem, which directly benefits projects built on Ethereum.

While past performance is not indicative of future results, this strong ETH breakout definitely has the crypto community buzzing about a potential Altseason. Keep an eye on your favorite altcoins ‚Äì the tide might be turning!
",False,9.0,
ETH Breakout: Is Altseason Officially Here?,"Institutions are onboarding, high profile people / traders are loading up (trump just bought 256 more eth), it‚Äôs time for ETH to shine.",True,5.0,
ETH Breakout: Is Altseason Officially Here?,I hope so. I'm still nervous we won't get a better aly season than last years run,True,2.0,
ETH Breakout: Is Altseason Officially Here?,"Good thing you came out from under your rock. 
Now, feel free to pay less invaluable things going forward.",True,1.0,
ETH Breakout: Is Altseason Officially Here?,"TBH I‚Äôm tired of paying another monthly whatever for another whatever. 

I would gladly pay for one time purchase of good quality software.",True,1.0,
ETH Breakout: Is Altseason Officially Here?,"not everything you don‚Äôt understand is a scam lol
some of us just got in early and actually believe in it..",True,1.0,
SD only wants two things,"SD only wants two things: BTC ($200K), ETH ($12K), and an SB who brings a little peace and quiet‚Ä¶",False,19.0,
SD only wants two things,Do you still remember what ETH looked like in 2017?,True,1.0,
Ten Years of Improving Ethereum: Key EIPs,"Here are the key Ethereum Improvement Proposals (EIPs) that have significantly impacted Ethereum's development over its first decade:

* **EIP-20: Token Standard** (Adopted in 2017) : This EIP created the universal ERC-20 token standard, which streamlined token integration and catalyzed the ICO craze.
* **EIP-1559: Fee Markets** (Adopted in August 2021) : This proposal reformed Ethereum's fee market by introducing a dynamic ""base"" gas fee that is burned and an optional ""tip"" for validators, aiming to incentivize deflation and improve user experience.
* **EIP-3675: Proof-of-Stake** (also known as ""The Merge"") : This EIP replaced Ethereum's proof-of-work (PoW) with proof-of-stake (PoS), drastically reducing energy consumption and transforming ETH into a productive asset.
* **EIP-4844: L2 Blobs** (Implemented in March 2024) : This EIP introduced temporary storage space (""blobs"") for Layer 2 (L2) transaction data, significantly lowering L2 transaction costs and migrating much of Ethereum's activity to L2s.
* **EIP-3074: Wallet UX** (Merged in May 2025) : This proposal overhauled wallet functionality by giving externally owned accounts (EOAs) smart contract-like capabilities, enabling features like one-click approvals and gasless transactions to simplify the onchain experience.

These EIPs collectively shaped Ethereum into a constantly transforming ""living, breathing machine"" dedicated to providing decentralized compute.

",False,4.0,
crypto.com –Ω–µ –¥–∞–µ—Ç —Å–¥–µ–ª–∞—Ç—å –≤—ã–≤–æ–¥ ETH,"–ú–æ—ë –ø—Ä–∏–ª–æ–∂–µ–Ω–∏–µ [crypto.com](http://crypto.com) –Ω–µ —Ä–∞–±–æ—Ç–∞–µ—Ç. –ü–æ–ø–æ–ª–Ω–∏–ª 14–∫ –Ω–∞ —Å–≤–æ—é –±–∏—Ä–∂—É, –¥–≤—É–º—è –ø–ª–∞—Ç–µ–∂–∞–º–∏. –ü–æ—Å–ª–µ —á–µ–≥–æ –∫–∞–∫ –æ–±—ã—á–Ω–æ –∫—É–ø–∏–ª ETH –∏ —Ö–æ—Ç–µ–ª –æ—Ç–ø—Ä–∞–≤–∏—Ç—å –Ω–∞ —Å–≤–æ–π –∫–æ—à–µ–ª–µ–∫, –ø–æ—Å–ª–µ —á–µ–≥–æ –ø–æ–ª—É—á–∞—é —Å–æ–æ–±—â–µ–Ω–∏–µ: ETH Withdrawals are not yet available. In the meantime, you may exchange your ETH to another currency with withdrawals. –ß—Ç–æ –¥–µ–ª–∞—Ç—å? –°–ª—É–∂–±–∞ –ø–æ–¥–¥–µ—Ä–∂–∫–∏ –ø—Ä–æ—Å–∏—Ç –ø–æ–¥–æ–∂–¥–∞—Ç—å –≤—Ç–æ—Ä–æ–π –¥–µ–Ω—å –∏ —É—Ç–≤–µ—Ä–∂–¥–∞—é—Ç —á—Ç–æ —Å –∏—Ö —Å—Ç–æ—Ä–æ–Ω—ã –Ω–µ—Ç –Ω–∏–∫–∞–∫–æ–π –ø—Ä–æ–±–ª–µ–º—ã. –ü—Ä–∏ —ç—Ç–æ–º –∑–∞ —Å—É—Ç–∫–∏ —è —É–∂–µ –ø–æ—Ç–µ—Ä—è–ª 1200$ –Ω–∞ –∫—É—Ä—Å–µ..",False,1.0,
crypto.com –Ω–µ –¥–∞–µ—Ç —Å–¥–µ–ª–∞—Ç—å –≤—ã–≤–æ–¥ ETH,"–° –∫–∞–∫–æ–≥–æ –∫–æ—à–µ–ª—å–∫–∞ –≤—ã –ø—ã—Ç–∞–µ—Ç–µ—Å—å –æ—Ç–ø—Ä–∞–≤–∏—Ç—å –¥–∞–Ω–Ω—ã–µ, –∏ —É–≤–µ—Ä–µ–Ω—ã –ª–∏ –≤—ã, —á—Ç–æ –æ—Ç–ø—Ä–∞–≤–ª—è–µ—Ç–µ –¥–∞–Ω–Ω—ã–µ –ø—Ä–∞–≤–∏–ª—å–Ω–æ? –ü–æ–∂–∞–ª—É–π—Å—Ç–∞, –æ—Ç–ø—Ä–∞–≤—å—Ç–µ –º–Ω–µ –ª–∏—á–Ω–æ–µ —Å–æ–æ–±—â–µ–Ω–∏–µ –∏–ª–∏ –ø—Ä–∏–≥–ª–∞—à–µ–Ω–∏–µ –≤ —á–∞—Ç –ø—Ä—è–º–æ —Å–µ–π—á–∞—Å, —á—Ç–æ–±—ã —è –º–æ–≥ –ø—Ä–æ–≤–µ—Å—Ç–∏ –≤–∞—Å —á–µ—Ä–µ–∑ –ø—Ä–æ—Ü–µ—Å—Å –∏—Å–ø—Ä–∞–≤–ª–µ–Ω–∏—è.",True,1.0,
crypto.com –Ω–µ –¥–∞–µ—Ç —Å–¥–µ–ª–∞—Ç—å –≤—ã–≤–æ–¥ ETH,"–° –∫–∞–∫–æ–≥–æ –∫–æ—à–µ–ª—å–∫–∞ –≤—ã –ø—ã—Ç–∞–µ—Ç–µ—Å—å –æ—Ç–ø—Ä–∞–≤–∏—Ç—å –¥–∞–Ω–Ω—ã–µ, –∏ —É–≤–µ—Ä–µ–Ω—ã –ª–∏ –≤—ã, —á—Ç–æ –æ—Ç–ø—Ä–∞–≤–ª—è–µ—Ç–µ –¥–∞–Ω–Ω—ã–µ –ø—Ä–∞–≤–∏–ª—å–Ω–æ? –ü–æ–∂–∞–ª—É–π—Å—Ç–∞, –æ—Ç–ø—Ä–∞–≤—å—Ç–µ –º–Ω–µ –ª–∏—á–Ω–æ–µ —Å–æ–æ–±—â–µ–Ω–∏–µ –∏–ª–∏ –ø—Ä–∏–≥–ª–∞—à–µ–Ω–∏–µ –≤ —á–∞—Ç –ø—Ä—è–º–æ —Å–µ–π—á–∞—Å, —á—Ç–æ–±—ã —è –º–æ–≥ –ø—Ä–æ–≤–µ—Å—Ç–∏ –≤–∞—Å —á–µ—Ä–µ–∑ –ø—Ä–æ—Ü–µ—Å—Å –∏—Å–ø—Ä–∞–≤–ª–µ–Ω–∏—è.",True,1.0,
crypto.com –Ω–µ –¥–∞–µ—Ç —Å–¥–µ–ª–∞—Ç—å –≤—ã–≤–æ–¥ ETH,"–ï—Å–ª–∏ –∫–æ–º—É-—Ç–æ –∏–Ω—Ç–µ—Ä–µ—Å–Ω–æ, –Ω–∞ –≤—Ç–æ—Ä–æ–π –¥–µ–Ω—å –æ–±—â–µ–Ω–∏–µ —Å–æ —Å—Ç–µ–Ω–æ–π (—Å–ª—É–∂–±–æ–π –ø–æ–¥–¥–µ—Ä–∂–∫–∏ Crypto.com) –æ–Ω–∏ –ø—Ä–∏—Å—ã–ª–∞—é—Ç –ø–∏—Å—å–º–æ —Å –ø—Ä–æ—Å—å–±–æ–π —É–∑–Ω–∞—Ç—å –æ—Ç—É–¥–∞ —è –±–µ—Ä—É –¥–µ–Ω—å–≥–∏, –∫—Ç–æ –º–Ω–µ —Ä–∞—Å—Å–∫–∞–∑–∞–ª –æ –±–∏—Ä–∂–µ –∏ —Ç.–¥. –í —Ç–µ—á–µ–Ω–∏–∏ 2 –º–∏–Ω—É—Ç —è –ø—Ä–æ—à–µ–ª —ç—Ç–æ—Ç –æ–ø—Ä–æ—Å, –¥–æ —ç—Ç–æ–≥–æ —Ç–∞–∫ –∂–µ –≤ —á–∞—Ç–µ –ø—Ä–µ–¥–æ—Å—Ç–∞–≤–ª—è–ª —Å–∫—Ä–∏–Ω—à–æ—Ç –≤—ã–ø–∏—Å–∫–∏ —Å –±–∞–Ω–∫–∞, –∏ –∑–Ω–∞–µ—Ç–µ —á—Ç–æ? –Ø —Å –ø—è—Ç–Ω–∏—Ü—ã –Ω–µ –ø–æ–ª—É—á–∏–ª –ù–ò–ö–ê–ö–û–ì–û –æ—Ç–≤–µ—Ç–∞))) –°–∫–∞–∑–∞—Ç—å —á—Ç–æ —ç—Ç–æ —Ü–∏—Ä–∫ - –Ω–∏—á–µ–≥–æ –Ω–µ —Å–∫–∞–∑–∞—Ç—å.  4 —Ä–∞–∑–∞ –ø–∏—Å–∞–ª –Ω–∞ –ø–æ—á—Ç—É –∏ –≤ —á–∞—Ç –ø–æ–¥–¥–µ—Ä–∂–∫–∏, –Ω–∞ —á—Ç–æ –ø–æ–ª—É—á–∞—é –æ—Ç–≤–µ—Ç —Ñ–æ—Ä–º–∞—Ç–∞: ""–ú—ã –ø–æ–Ω–∏–º–∞–µ–º —á—Ç–æ —É –≤–∞—Å –ø—Ä–æ–±–ª–µ–º–∞, –Ω–æ –º—ã –Ω–∏—á–µ–≥–æ –¥–µ–ª–∞—Ç—å –Ω–µ –±—É–¥–µ–º, –¥–∞–∂–µ –Ω–µ –º–æ–∂–µ–º —Å–∫–∞–∑–∞—Ç—å –ø–æ—á–µ–º—É –æ–Ω–∞ –≤–æ–∑–Ω–∏–∫–ª–∞, —Ç–∞–∫ –∏ —Å–∫–æ–ª—å–∫–æ –ø–æ –≤—Ä–µ–º–µ–Ω–∏ –æ–Ω–∞ –±—É–¥–µ—Ç —Ä–µ—à–∞—Ç—å—Å—è"", –æ–Ω–∏ –¥–∞–∂–µ –ø—Ä–∏–±–ª–∏–∑–∏—Ç–µ–ª—å–Ω–æ –Ω–µ –≥–æ–≤–æ—Ä—è—Ç —Å–∫–æ–ª—å–∫–æ –≤—Ä–µ–º–µ–Ω–∏ —ç—Ç–æ –∑–∞–Ω–∏–º–∞–µ—Ç. 

–í—ã–≤–æ–¥: –ù–µ —Å–æ–≤–µ—Ç—É—é –ø–æ–ª—å–∑–æ–≤–∞—Ç—å—è –¥–∞–Ω–Ω–æ–π –±–∏—Ä–∂–µ–π, –µ—Å—Ç—å –ª–∏ –≤—ã —Ö–æ—Ç–∏—Ç–µ —É–ø—Ä–∞–≤–ª—è—Ç—å –∏ –ø—Ä–∏ —É–º–Ω–æ–∂–∞—Ç—å —Å–≤–æ–∏ –¥–µ–Ω—å–≥–∏, —Ç–∞–º –∏—Ö –º–æ–∂–Ω–æ —Ç–æ–ª—å–∫–æ –∑–∞–º–æ—Ä–æ–∑–∏—Ç—å –Ω–∞ –Ω–µ–æ–ø—Ä–µ–¥–ª–µ–Ω–Ω—ã–π —Å—Ä–æ–∫ –∏ –∫–æ–Ω–≤–µ—Ä—Ç–∏—Ä–æ–≤–∞—Ç—å —Å –∫–æ–Ω—Å–∫–∏–º–∏ –∫–æ–º–∏—Å—Å–∏—è–º–∏.",True,1.0,
Where are the best pools for mining ETH?,Where are the best pools for mining ETH?,False,2.0,
Where are the best pools for mining ETH?,theyre located in 2017,True,3.0,
Where are the best pools for mining ETH?,You need to say goodbye to internet explorer,True,1.0,
Where are the best pools for mining ETH?,"LOLL a 10Trillion US$ MC, in the next 2 years .. ahh yes!!",True,2.0,
Where are the best pools for mining ETH?,When you‚Äôre just here trying to understand ETH but end up more confused than ever.,True,2.0,
Where are the best pools for mining ETH?,"ü§£ üôÑ come on this one is shocking! That would be a 53 x from the bottom. Is eth a Memecoin? No. The top before last increased 2.5x to the last top. So then, What would it be if it were last top to 80k? That‚Äôs 17x, can you really expect eth will multiply that much top to top when last one was 2.5x?¬†",True,1.0,
Where are the best pools for mining ETH?,Go back to the psych ward,True,1.0,
Where are the best pools for mining ETH?,"man thats some pure bullshit tho. the one thing you should have learned by now, is that bull cycles are getting weaker and weaker. ETH and BTC will never be able again to make x10 in a cycle. be happy with x3.",True,1.0,
Where are the best pools for mining ETH?,"Love the energy - ETH to the moon is always fun to imagine üöÄ But 80k feels more like a multi-cycle dream than a target for this bull run. I‚Äôm bullish too, but let‚Äôs not skip the steps, 6-8k would already be a huge move this cycle",True,1.0,
Where are the best pools for mining ETH?,Bro is intellectually masturbating,True,1.0,
Where are the best pools for mining ETH?,I‚Äôm wondering how this is gonna happen when the market is topping in November and will only flip out if the bear market around when you have Eth hitting 100T market cap. Do we believe that the cycles are ending? I personally don‚Äôt so data suggests otherwise. It will hit 8-10k by November though before the dump.,True,1.0,
Where are the best pools for mining ETH?,Embarrassing call. Have none of these morons worked out how to calculate market cap???,True,1.0,
Where are the best pools for mining ETH?,"maybe tell us what the green line even is, what indicator",True,1.0,
Where are the best pools for mining ETH?,ü§¶ I highly recommend into the Cryptoverse channel to get a more realistic view on everything!,True,1.0,
i got AMM airdrop i want advise plz,i had amm airdrop with huge amount but they freeze my coins until i compelte the standerd amount requiers 5000$. is it safe or they will drain my money?,False,1.0,
i got AMM airdrop i want advise plz,"This sounds like a scamüëÄ

Be carefull mate, no real airdrop is gonna ask you 5k.",True,3.0,
How do you handle this in futures?,"Hello,

So, I am running a small futures from 3,687 (entry, ETH), just a few hours ago. My question is, will it survive the next 5-9 hours or is the price likely to go lower? Need your advice. I dont know whether BTC is going to drop again. If I adjust the Stop Loss into the profit area, chances are higher it is going to close, right?",False,1.0,
How do you handle this in futures?,I am concerned about the same. But the entry point is on point for a new all time high for eth. But the question is will it liquidate before hitting a new all time high,True,1.0,
How do you handle this in futures?,I told you. Hope you buying more And enjoy the ride.,True,1.0,
How do you handle this in futures?,"lmao if you want it to really break 4.1k it needs to retrace to FVG at 3400 , POC is at 3k, CME GAP at 2800, A healthy pullback at 3.4k is definitely great for bulls if you want a breakout",True,1.0,
How do you handle this in futures?,i sold at 3610 today.... waiting for it to drop to grab it up back again,True,1.0,
Animal Memecoins Are Back! $HEGE Listed on Bitrue Alpha,"https://preview.redd.it/wrf9kgxmzgef1.jpg?width=1200&format=pjpg&auto=webp&s=b516ccb783fbf4f7a2bb92c92ffed3e72c4380b8

Singapore-based exchange Bitrue has officially listed $HEGE on its new Bitrue Alpha platform this week. This milestone comes amid a broader resurgence in animal‚Äëbased memecoins. Over the past seven days, the global market cap of animal-themed memecoins has risen by 8.95%, while trading volume across the sector has surged by 101%, underscoring renewed interest and participation worldwide.

Within that same period, $HEGE itself has climbed 11.6%, reflecting growing attention and engagement from its community.

This milestone arrives as interest in long‚Äëterm community‚Äëdriven memecoins continues to rise. $HEGE, a hedgehog‚Äëthemed token on the Solana blockchain, has steadily evolved beyond a typical meme asset into what its community calls a brandcoin, blending on‚Äëchain culture with off‚Äëchain brand development.

https://preview.redd.it/60lrmvuzzgef1.jpg?width=968&format=pjpg&auto=webp&s=e79793ed31b07771be9b1ca5b020d46406cbf74c

# Bitrue Alpha Listing

With the listing on Bitrue Alpha, HEGE holders and new participants alike gain access to one of Asia‚Äôs leading trading platforms, known for its broad asset support and strong infrastructure. Bitrue Alpha offers enhanced trading features and improved visibility for emerging projects, positioning HEGE for its next phase of growth.

The team behind HEGE commented, ‚ÄúToday‚Äôs listing on Bitrue Alpha is another step in bringing HEGE to a broader global audience. We‚Äôre excited to expand our reach and continue building a project rooted in culture and creativity.‚Äù

https://preview.redd.it/zdk4s1rxzgef1.jpg?width=1999&format=pjpg&auto=webp&s=ddd777bba042c95f7504ffb212d8a257ba3a0792

# Building Beyond a Memecoin

Launched over 15 months ago, HEGE has established itself through consistent community initiatives and an expanding ecosystem. Rather than operating as a short‚Äëterm meme, the project has focused on brand‚Äëbuilding and delivering creative content.

Key highlights of the HEGE ecosystem include:

* **Hegends** ‚Äì a collection of 2,222 NFTs on the Solana blockchain
* **Merchandise Store** ‚Äì A newly launched collection of on‚Äëbrand apparel and collectibles
* **Original Animated Content** ‚Äì HEGE is finalizing a contract with a professional studio to produce over 20 high‚Äëquality animations in the coming weeks. All content is fully custom, from pre‚Äëproduction through final output, and entirely non‚ÄëAI generated
* **Community Campaigns** ‚Äì Weekly raids, meme contests, and social challenges
* **Consistent Branding** ‚Äì A narrative universe positioning HEGE as more than just a memeA Market Ready for Growth

https://preview.redd.it/e6w4hxiyzgef1.png?width=1400&format=png&auto=webp&s=62a5763814f1d315897b45050c964d9c0623b7fc

As the broader cryptocurrency market gains traction and liquidity continues to flow across exchanges, projects with strong community foundations and creative direction are finding new opportunities. The Bitrue Alpha listing marks an important step for HEGE as it extends its presence to a wider global audience.About HEGE:

**Website:** [https://www.hegecoin.com](https://www.hegecoin.com)  
**CA:** ULwSJmmpxmnRfpu6BjnK6rprKXqD5jXUmPpS1FxHXFy  
**Twitter/X:** u/HegeCoin",False,5.0,
Animal Memecoins Are Back! $HEGE Listed on Bitrue Alpha,Big announcement this wednesday. Coin with huge potential,True,1.0,
"Tom Lee Sees Ether Hitting $15K, With Ethereum Emerging as Wall Street's Favored Blockchain",S ,False,20.0,
"Tom Lee Sees Ether Hitting $15K, With Ethereum Emerging as Wall Street's Favored Blockchain",*rocket engine noise intensifies*,True,4.0,
"Tom Lee Sees Ether Hitting $15K, With Ethereum Emerging as Wall Street's Favored Blockchain","ETH has a looooong way to go, to get to 15",True,1.0,
"ETH now at $3,800. If it reaches $4k, this could be the most hated rally!",This week will be crazy for ETH and the entire crypto market while BTC dominance keeps dropping. What are your thoughts guys?,False,57.0,
"ETH now at $3,800. If it reaches $4k, this could be the most hated rally!",ETH to the 10K!,True,13.0,
"ETH now at $3,800. If it reaches $4k, this could be the most hated rally!","where is everyone who was saying ETH was doomed, that L2's were its own death, and that solana was far superior? Where are these clowns?",True,4.0,
"ETH now at $3,800. If it reaches $4k, this could be the most hated rally!",Tough path Ahead to ATH. Eth will struggle to reach 4K for next few days. Money is now flowing into mid caps. I hope it wont go sideways what bitcoin is now doing,True,2.0,
"ETH now at $3,800. If it reaches $4k, this could be the most hated rally!",Time to short it üëçüëçüëç,True,2.0,
"ETH now at $3,800. If it reaches $4k, this could be the most hated rally!",Really hope alts fly hard. I'm definitely not holding out much hope for new ATH for ETH though. Would sure be nice if it happened though,True,1.0,
"ETH now at $3,800. If it reaches $4k, this could be the most hated rally!","If it‚Äôs the most hated, I‚Äôm fine w/ that‚Ä¶ I hate myself sometimes too ü•¥ü§£ü´°",True,1.0,
"ETH now at $3,800. If it reaches $4k, this could be the most hated rally!",Don't jinx it again,True,1.0,
"ETH now at $3,800. If it reaches $4k, this could be the most hated rally!","There is alot of selling order around 4400 , might see a pull back from there",True,1.0,
"ETH now at $3,800. If it reaches $4k, this could be the most hated rally!",ok bag holders check the price now,True,1.0,
"ETH now at $3,800. If it reaches $4k, this could be the most hated rally!","Ahhhh, so it was you who f'd this rally up",True,1.0,
"ETH now at $3,800. If it reaches $4k, this could be the most hated rally!","If ETH flips $4k convincingly while BTC dominance keeps sliding, altseason might officially be back on the menu. But these kinds of rallies often shake out the impatient - wouldn‚Äôt be surprised to see some violent pullbacks too. Eyes on volume and ETF news this week",True,1.0,
"ETH now at $3,800. If it reaches $4k, this could be the most hated rally!","POV: You sold at $3,000 thinking you were a genius‚Ä¶ now ETH‚Äôs moonwalking past $3,800 like it owes you rent.
Meanwhile, your re-entry plan is sitting in a notepad titled ‚ÄúBuy the Dip‚Äù‚Ä¶ and the dip never RSVP‚Äôd. üò©üìâüö´",True,1.0,
"ETH now at $3,800. If it reaches $4k, this could be the most hated rally!","This is me what should o do not sure Your Position
	‚Ä¢	Quantity: 20.09688417 ETH
	‚Ä¢	Value: $74,205.53
	‚Ä¢	Avg Cost: $2,453.44
	‚Ä¢	Portfolio Diversity: 100.00%

‚∏ª

Returns
	‚Ä¢	Today‚Äôs Return: +$2,314.10 (+3.80%)
	‚Ä¢	Total Return: +$21,226.97 (+50.50%)

‚∏ª

Staking (Up to 2.71% APY)
	‚Ä¢	Pending Earnings: 0.011154984 ETH
	‚Ä¢	Lifetime Earnings: 0.03692612 ETH
	‚Ä¢	Staked Quantity: 20.096884171 ETH",True,1.0,
"ETH now at $3,800. If it reaches $4k, this could be the most hated rally!",Selling 50% @ 4200 by mid August,True,0.0,
"ETH now at $3,800. If it reaches $4k, this could be the most hated rally!",There is no way eth is not going to hit 20k in the next 2 years. 50-100k in the next 10 years,True,0.0,
"ETH now at $3,800. If it reaches $4k, this could be the most hated rally!",Get rekt. Love seeing bears liquidated,True,1.0,
"ETH now at $3,800. If it reaches $4k, this could be the most hated rally!",Look at u now!,True,1.0,
"ETH now at $3,800. If it reaches $4k, this could be the most hated rally!",Look again in 3 months during altseason,True,1.0,
"Breaking: ETH just touched $3,700 today",Are we seeing ETH at $4k this week? What are your thoughts guys?,False,92.0,
"Breaking: ETH just touched $3,700 today",Wake me up when we beat the ATH.,True,11.0,
"Breaking: ETH just touched $3,700 today",4800$ just behind the corner!,True,3.0,
"Breaking: ETH just touched $3,700 today",yeah 121k next week buy the top everyone,True,3.0,
"Breaking: ETH just touched $3,700 today",Still lower than back in December.,True,3.0,
"Breaking: ETH just touched $3,700 today","I remember selling 4 or 5 back when it almost 5k, new motorcycle time it was lol.",True,2.0,
"Breaking: ETH just touched $3,700 today",Well done guys who hodled through the entire bear market which seems to have just ended for eth. It was hard right!,True,1.0,
"Breaking: ETH just touched $3,700 today",Haven‚Äôt had morning wood like this since the early 2000s,True,1.0,
"Breaking: ETH just touched $3,700 today","Hey, hoping for some advice on the best time or best way to go about DCA into ethereum? Considering the way its rising i would prefer not taking a position at the top. What would any of you do?",True,1.0,
"Breaking: ETH just touched $3,700 today","Forget 4k, we could see $5k this week. I think could see $5k and a new ATH before the month is over.",True,1.0,
"Breaking: ETH just touched $3,700 today",*3800,True,1.0,
"Breaking: ETH just touched $3,700 today",Time to sell!,True,1.0,
"Breaking: ETH just touched $3,700 today",Fake weekend pump,True,-1.0,
ChangeNow.io Frozen My Funds - $550K. Beware of this Platform so you wont be sharing your story like I'm,"Hey Eth Community...  
honestly, i didn‚Äôt wanna have to post this but i‚Äôm kinda outta options at this point.

i used changenow a few months back to swap around $550K worth of crypto. things looked smooth at first, but right after the transaction, they asked me for full KYC, ID, source of funds, the whole deal. i gave them everything they asked for. this was back in march.

now it‚Äôs been 4 months. still no update. no refund. no answers. just complete silence.

i did some digging after things started feeling off and realized changenow is linked to changelly, and apparently they‚Äôve had a bunch of people saying the same thing happened to them. then there‚Äôs atomic wallet (same devs, i think?) that got hacked for $100M last year some ppl even think it was an inside job. Guarda also keeps promoting changenow as a trusted partner, even with all these red flags.

what really stings is that i tried everything reached out politely, followed their public instructions, even DMed them after they told me to. but no one got back. some of my posts got deleted too. i kept hoping for a fair outcome... but nothing.

i‚Äôm not here to attack anyone, i‚Äôm just genuinely stuck and hurting. that was life-changing money. and it‚Äôs just... gone.

Heads up community, i wouldn‚Äôt wish this on anyone.

stay safe out there ",False,4.0,
ChangeNow.io Frozen My Funds - $550K. Beware of this Platform so you wont be sharing your story like I'm,If executed better it had a chance at becoming #1,True,2.0,
ChangeNow.io Frozen My Funds - $550K. Beware of this Platform so you wont be sharing your story like I'm,market has done a 180 after we hit rock bottom a few months ago. Seemed everyone was fed up and was selling. Some guys must be kicking themselves,True,2.0,
ChangeNow.io Frozen My Funds - $550K. Beware of this Platform so you wont be sharing your story like I'm,Is 0.1 unrealistic?,True,1.0,
ChangeNow.io Frozen My Funds - $550K. Beware of this Platform so you wont be sharing your story like I'm,Eth will hit 10k,True,1.0,
ChangeNow.io Frozen My Funds - $550K. Beware of this Platform so you wont be sharing your story like I'm,"Ok, we just recovered 5 months of losses against BTC! Now it‚Äôs time to recovers the other 3.5 years",True,1.0,
ChangeNow.io Frozen My Funds - $550K. Beware of this Platform so you wont be sharing your story like I'm,"Market cap is 0.17 ETH/BTC ratio, are we now saying ETH could be worth more per token than BTC? I agree that we will flip BTC by market cap but per token is unrealistic unless BTC falls completely out of favour.",True,1.0,
ChangeNow.io Frozen My Funds - $550K. Beware of this Platform so you wont be sharing your story like I'm,Anyone here still think the flippening could happen?,True,1.0,
ChangeNow.io Frozen My Funds - $550K. Beware of this Platform so you wont be sharing your story like I'm,What does this mean?,True,1.0,
$BTCS - a value eth treasury,"Hi everyone just letting u know I made a subreddit for $BTCS as it's another value etheruem play. Just if anyone is interested. Cheers!

[https://www.reddit.com/r/BTCSInvestors/](https://www.reddit.com/r/BTCSInvestors/)",False,1.0,
$BTCS - a value eth treasury,Do you think eth treasury companies will be as prevalent as btc treasury companies are becoming?,True,1.0,
Too late to buy?,Title says already. But Im just getting into crypto and keep seeing the price of eth rise and rise and currently it's at around 3600 per token. Has it already peaked? Or should I wait to invest?,False,9.0,
Too late to buy?,Mate it's still so early,True,8.0,
Too late to buy?,"Seeing as how the financial rails are going to be built on Eth, I'd say still extremely early with a long enough time horizon.",True,5.0,
Too late to buy?,Nope,True,3.0,
Too late to buy?,Going to new highs this time... Another thousand bucks to go.,True,2.0,
Too late to buy?,This was my sign to sell. Thank you,True,0.0,
Too late to buy?,"If you believe in the product and are here for the long haul, just dollar cost average. After a cycle or two you‚Äôll be up more than not",True,1.0,
Too late to buy?,Too late to buy if you think it's the peak.,True,1.0,
Too late to buy?,14% ago blackrock and sharp link gaming bought millions worth. I‚Äôd like to think if they see potential then it‚Äôs worth putting some of my money into it & it‚Äôs also due for a breakout right now,True,1.0,
Too late to buy?,Still a good price,True,1.0,
Too late to buy?,"Will we to higher? Yes. 

Will we go lower? Also yes.",True,1.0,
Too late to buy?,"I don‚Äôt like to see that, it‚Äôs often the start of a top signal.. I‚Äôd have liked at least an ath",True,1.0,
Too late to buy?,I think it doubles by the end of the bull,True,1.0,
Too late to buy?,It‚Äôs not too late at all and I doubt it has peaked. If you want to get it then it‚Äôs probably good to get in as early as you can instead of waiting for perfect timing.,True,1.0,
Too late to buy?,Take a step back and think about the type of people and answers you would get asking this question in the community your asking it in.,True,1.0,
Too late to buy?,fomo,True,1.0,
Too late to buy?,$3754 now so yeah you were too late /s,True,1.0,
Too late to buy?,"Keep buying ETH its not late we are yet to see new ATHs and just a recommendation if you can then get either a Pudgy Penguin NFT or a Lil Pudgy NFT. 

Give it a research about Pudgy Penguins if you heard it for first time .

I am sure you wont be disappointed with the results.",True,1.0,
Too late to buy?,Yea you are late we are at the top now wait until the drop to 1500 and buy there,True,1.0,
Too late to buy?,Yes,True,0.0,
Too late to buy?,Yea! Were so fucking early /s only up 804055 % since 2015 bro ü•≥,True,0.0,
Too late to buy?,"People are considering selling, so yeah",True,0.0,
Too late to buy?,Just buy Bitcoin,True,0.0,
Do I buy eth,"I have received some funds I‚Äôd like to see a return on. I feel a bit afraid of investing that much money in something, but I have been buying bits of coins, ETFs, and a few stocks so I can keep an eye on them. I do hold a couple hundred dollars of ETH, and I‚Äôve been seeing some return. I can afford to maybe invest in 6k. What do you guys think? Where should I hold the tokens? I currently just use Robinhood. I‚Äôve looked at Coinbase and Fidelity. ",False,12.0,
Do I buy eth,Where were you a month ago?,True,2.0,
Do I buy eth,"Buy ETH + Ledger (hardware wallet)

:)",True,2.0,
Do I buy eth,Put it in Ethereum.,True,2.0,
Do I buy eth,"Buy all in , all ether, the price is getting higher by the minute",True,1.0,
Do I buy eth,"Just buy, it‚Äôs going up at a steady pace at the moment",True,1.0,
Do I buy eth,Yes.,True,1.0,
Do I buy eth,l am 99% its going to hit 4k in 2025. Keep DCA till 4k at least. After that I‚Äôm not sure,True,1.0,
Do I buy eth,Eth to $10K this year.,True,1.0,
Do I buy eth,"Yeah wait for it come back down. It will settle down. How much lower will it go?‚Ä¶ no one knows.

But I would buy in on the drops, so idk how much $ u plan on investing in the asset.

But I would see what 5% (give or take) of ur total Investment is and that‚Äôs what I would invest on each drop that way ur cost averaging in as opposed to just buying & spending the entire amount @ 1 set price",True,1.0,
Do I buy eth,"Good entries at 3,500, or more ideally around 3,100",True,1.0,
Do I buy eth,"Can‚Äôt always wait for perfect timing, now could be as good a time as you‚Äôll ever see in the distant future. 

If you‚Äôre looking for other things to buy just do your own due diligence instead of trusting influencers. Try to find new trends that will become the next big narrative like defi in 2020, then buy the coins that are seen as some of the originators of those trends. That has been the way a lot of people have made huge gains.",True,1.0,
Do I buy eth,Naw buy bitcoin,True,1.0,
Do I buy eth,Just buy ETH and hodl,True,1.0,
Do I buy eth,"Consider diversifying into another crypto. If I was in your situation, I‚Äôd just buy bitcoin. Unless you have substantial eth that is staked, just hold what you have and buy bitcoin. Give yourself a waiting period of a few days, watch bitcoin, read about it, then BUY BITCOIN.",True,0.0,
Smart contracts? How to get the money/ tokens into my account,I have purchased Etherum on a number of occasions which have gone to a smart contract address. Which I have been able to locate on etherscan io but now need instructions on how to go about getting the Etherum into my wallet,False,2.0,
Smart contracts? How to get the money/ tokens into my account,You can't,True,1.0,
Smart contracts? How to get the money/ tokens into my account,So what is actually going on??? Why all of a sudden is ETH going up? Has there been some new use cases for ETH?? Can anybody tell me?,True,1.0,
Looking for the best chain to build on ‚Äì Ethereum dev feedback needed,"I‚Äôm evaluating several blockchains for a new DApp and want to hear directly from Ethereum developers.

* What keeps you building on Ethereum (mainnet + L2s)?
* What pain points still slow you down (tooling, gas, testnets, docs, etc.)?
* If you‚Äôve tried other chains, where does Ethereum excel or lag behind?

Any quick insights, success stories, or cautionary tales are hugely appreciated. Thanks for helping me choose the right platform!

  
*What we plan on doing*  
*An on-chain prepaid-credits gateway for usage-based service (e.g., API calls, storage minutes, render time).*

* **User story:**¬†A customer connects a wallet, pays a fixed fee, and instantly receives a set of prepaid service credits recorded on-chain; the UI updates to show the current credit balance.
* **Business flow:**¬†Payments accumulate in the contract‚Äôs treasury. When finance staff connect with an authorised wallet, a ‚ÄúWithdraw‚Äù action appears, allowing them to sweep the collected funds to the company account.",False,3.0,
Looking for the best chain to build on ‚Äì Ethereum dev feedback needed,I think you should check the ethdev sub or Ethereum sub.,True,2.0,
[For sale]Blockchain File Notarization Project for Sale ‚Äì NotaryChains,"Selling an Unlaunched, ready-to-deploy project built on Polygon for securely notarizing files on-chain ‚Äî ideal for legal firms, innovators, startups needing tamper-proof proof-of-existence
[For sale]
üîß Tech Stack:

Next.js frontend

Infura API

MetaMask integration

Solidity smart contract (Remix IDE)

Includes: frontend+backend (ZIP), smart contract, documentation, domain


üí∞ Monetization Options:

Licensing model ($300+/client)

Subscription model

Per-file notarization fee ($0.02‚Äì$0.10)


üì© DM for demo link ‚Äì serious buyers only, ready to purchase.
",False,1.0,
Idea! How to solve ETH gas problem,"Many people complain about the ETH gas fees and that it is holding ETH down. 

The issue is that the low transactions pay the same fee as the big transactions. In terms of percentage its a big % for the small transaction and a tiny % for the big transaction. 

Based on the data ETH has, why dont they find out how often the small and the big transactions occur see what they can do to solve this problem? 

For example they can decrease the gas fees on the small transactions and increase it on the big transactions. In the short term they will lose money when the small transactions occur, but when the big transactions occur they will recover the losses. 

They should work around with the data and fine the Equilibrium where they dont lose money long term and make all the customers happy. 
I am sure the people who make 10k transfers wont be bothered with 10$ fees, and 100k+ transfers wont be bothered with 100$ fees. That extra charge can compensate some of the discounts given for the small transactions.  ",False,0.0,
Idea! How to solve ETH gas problem,How do you define the size of transactions? Gas is calculated based on how many operations it takes - a $10 transaction would cost more gas if it was opening a position rather than just transferring back and forth,True,2.0,
Idea! How to solve ETH gas problem,Can‚Äôt remember how it‚Äôs calculated but I think it has something to do with the open nature of eth/blockchain. Open for transactions at any time so the fees are variable.,True,1.0,
Need some help with KYC package,I got scammed really bad and I need help finding the person who ruined my life. I already submitted IC3. ,False,1.0,
Sold ETH at 3000!,"*Used AI to reframe my post*

I recently made a move in crypto and wanted to share my experience and get some thoughts. Around 4‚Äì5 months ago, I bought my first Ethereum coin (1 ETH) at $2,560. At the time, I was just getting into investing‚Äîthis year is actually my first year seriously exploring the stock market and crypto. I‚Äôm relatively young and generally believe in long-term investing, so I wasn‚Äôt planning on selling anytime soon.

That said, my ETH purchase was kind of impulsive. I saw the price drop and jumped in without too much analysis. When it fell further to around $1,500, I was obviously disappointed, but I wasn‚Äôt panicking‚ÄîI had used extra money that I didn‚Äôt urgently need, so I was mentally prepared to hold for the long term, even 5+ years if necessary.

However, when the price climbed back up and hit $3,000 recently, I decided to sell 75% of my position. My thinking was that I could potentially re-enter if the price dips again in the future. It wasn‚Äôt a panic sell‚Äîmore of a calculated exit‚Äîbut now I‚Äôm wondering if it was the right call.

Would love to hear your opinions. Also, sorry if this post seems a bit noob-ish‚Äîjust trying to learn as I go!

Edit 1: Ahh! so dumb of me!!! Did not even expect these many answers. Thanks to you all, re-entered at 3000. Will gain or will learnüí™üèª",False,23.0,
Sold ETH at 3000!,"Alts Bullrun is just getting started, but don‚Äôt worry, nobody has goten poorer from selling to fast. You locked in your profit! eth will probably do a 6-12k ath this year",True,11.0,
Sold ETH at 3000!,Never sell until it's way up there,True,8.0,
Sold ETH at 3000!,I mean. I watched it tank to 1500 in April with a smile on my face. And i bought more. I won‚Äôt sell until eth hits 250k. Until then. I‚Äôll just buy and hold. If eth really is a 100t$ asset. That‚Äôll put eth at 800k per,True,3.0,
Sold ETH at 3000!,What do you think the ETH network will look like in 5 years?  How much traffic do you think it will have in 10 years?  What will security look like as the mass adaptation occurs?  What will the gas fees look like at that time?   These are the things that I‚Äôm thinking about as a long term investor.,True,2.0,
Sold ETH at 3000!,Congrats on making about $400,True,2.0,
Sold ETH at 3000!,"You actually handled this really well, especially for a first year investor. You bought during a dip, didn‚Äôt panic when it dropped further, and took profit when it made sense. That‚Äôs smart, not lucky.

Locking in gains at $3,000 isn‚Äôt a mistake it‚Äôs disciplined. Timing tops is a guessing game anyway. If you still believe in ETH long-term, you can always re-enter gradually (DCA works great here). More than anything, you gained experience and that‚Äôs worth way more than a few extra bucks from holding longer.",True,2.0,
Sold ETH at 3000!,"One thing is for sure you‚Äôll never get that price average of $1500 again, 100% gain is great your in a solid position either way",True,2.0,
Sold ETH at 3000!,Within 2 days you're buying back around $2300,True,2.0,
Sold ETH at 3000!,"I think you sold very early...

Wait some retest on resistance and buy again...",True,1.0,
Sold ETH at 3000!,I won't sell until $10k,True,1.0,
Sold ETH at 3000!,LOL,True,1.0,
Sold ETH at 3000!,"I bought 12 and sold 6 of them at 3k, I started buying at the tarriffdipp in march for about $1500. Good man, not many assets provide opportunities for people below $100k networth.",True,1.0,
Sold ETH at 3000!,Lol its going to hit 5k soon you sold too early,True,1.0,
Sold ETH at 3000!,"I‚Äôm not gonna tell you what to do. However, I‚Äôll just say this, I‚Äôve been in this space for over 5 years now and I‚Äôve never been so bullish on ETH. I‚Äôll keep it simple, ETH went to $4k before the merge, before ETFs, before staking, before stablecoins boomed, before a crypto friendly administration. What do you think would happen when all these things together are firing at all cylinders?",True,1.0,
Sold ETH at 3000!,Eth to 10k easy... actually much higher . You can use ether for business ico ..initial coin offering... you know ipo.... in stocks... well ether... is the key to this.. buy ether!!,True,1.0,
Sold ETH at 3000!,"The biggest winners are the ones who never sold. 

I‚Äôve done amazing with crypto (I had 160 BTC and 600eth going into 2017) and still have tons of regrets on my decisions to sell and when. 

But at least you sold the high, many panic at a low",True,1.0,
Sold ETH at 3000!,everybody had this thoughts and it's never bad to take profits. I personally start takkng profits wirh +30 % with a low amount of the asset and increase the amount with every 10 % step. when it dips by 30 % I buy the amount of coins back. the rest waits for the 70 % dip.,True,1.0,
Sold ETH at 3000!,But high sell low?,True,1.0,
Sold ETH at 3000!,"It‚Äôs a solid play and odds are still possible to reenter with more eth. 

Problem right now is market flew over the weekend so seeing how it responds when US market open is going to be interesting.",True,1.0,
Sold ETH at 3000!,"Honestly, ETH will be hit around 6k to 8k in 2025.
So, you might title bit early to sold it. 
hahahüòáüòáüòá",True,1.0,
Sold ETH at 3000!,Definitely should have held‚Ä¶that was just the start of the pump. It‚Äôs going to be looked back at as minuscule profit compared to where it will go over the next few months even year‚Ä¶and it is unlikely to dip back down‚Ä¶you‚Äôll probably find the next point of entry will be far higher and wish you go in at $3000,True,1.0,
Sold ETH at 3000!,Sold way too early,True,1.0,
Sold ETH at 3000!,Buy and hold. The best part is right around the corner,True,1.0,
Sold ETH at 3000!,At least let it reach 4k lol,True,1.0,
Sold ETH at 3000!,"good job, time to watch it flies",True,1.0,
Sold ETH at 3000!,Should have stayed in!,True,1.0,
Sold ETH at 3000!,Hold,True,1.0,
Sold ETH at 3000!,"it was stupid. in the middle of the bull market its fucking stupid trying to catch a 10, 20 or 30% dip. you'll catch thatt 5 out of 10 times. that means every second time you win 20% (yihaa) and every second time you just miss it and the train runs without you and you miss the next 200%. dont do that. its not worth it. and its unneccesary stress. play the longterm play and then you can check when exactly to get out after you already made your 2 oder 3x.",True,1.0,
Sold ETH at 3000!,Not a great time to sell if it‚Äôs going up while there is a record number of shorts against it. They‚Äôre gonna get melted and it‚Äôs gonna shoot up. I bought 10k at 3000 so I‚Äôm putting my money where my mouth is,True,1.0,
Hege pumped 40% in hours: Here's why,"Today, Hege shot up 2 million in market cap, proving once again that if the retail market shows strength, Hege becomes a reliable money maker.

https://preview.redd.it/7cz3mm17x3cf1.png?width=1500&format=png&auto=webp&s=0f7acff682581e7916dd4dcacd21ac94c58fae32

https://preview.redd.it/4blixwodv3cf1.png?width=652&format=png&auto=webp&s=816231a012d99b6b2348eaa9b18518d9878e56c4

Why do people choose this project as a reliable investment vehicle? It's simple: after 15 months, the all-original team are always working to build the project, engage the community, and market to new investors.

Starting July 12, HEGE is launching a coordinated marketing campaign that includes real-world presence.

# Vegas Map Campaign

https://preview.redd.it/fj1nv8xev3cf1.jpg?width=1250&format=pjpg&auto=webp&s=f0f9e20fbb4dbd8553d02e3f893b608d23fa2df3

Over four weekends, 10,000 HEGE sponsored maps will be handed out on the Vegas strip, putting our art, story, and brand directly into people‚Äôs hands.

Hege has partnered with Dave from Chumbamedia to hand out Hege branded maps for 32 hours. Chumbamedia has advertised on the streets of Vegas for over 10 years. Dave is so impressed by the Hege community, he recently pull-ported to Hege from another popular memecoin.

# Dexscreener Ads

With Hege pumping, the team is investing a portion of the marketing budget into increasing Hege's visibility on Dexscreener. With 100k impressions targeted at active traders - at a time when Hege is pumping - Hege is all but guaranteed to appeal to both short and long term investors.

# Press Release Package

On Monday Hege will be publishing a press release package to amplify the brandcoin and merch narrative across 50+ crypto media outlets, including Associated Press, CoinMarketCap, Binance Feed and many more.

The release will spotlight HEGE‚Äôs story, vision, and community, building awareness as we scale.

# Sticker Contest

‚ÄçThe team wants Hege in all corners of the globe. Here is where you can potentially make money as Hege is rewarding the most creative, funny, and bold sticker placements.

https://preview.redd.it/ejrovi9hv3cf1.jpg?width=1214&format=pjpg&auto=webp&s=1a6ff1414758f6d7c00e37c06ffb2b1315cdb0e5

Prizes up to $250 USD for:

‚Ä¢ Best overall placement

‚Ä¢ Funniest placement

‚Ä¢ Most QR code scans

Last year, a similar competition received thousands of scans and Hege went on to go from 6M to 50M market cap by November. For a link to the stickers, see the link at the end.

# Cryptotwits Competition

From Monday to Friday next week, we will be taking over CryptoTwits trending once again and rewarding top posters with up to $250 USD in prizes.

Launched by its parent company Stocktwits with over 10 million users, CryptoTwits offers leading sentiment data and social trading insights to the cryptocurrency market.

# X Raid Competition

https://i.redd.it/j1vr3eehx3cf1.gif

‚ÄçAnother X Raid Competition runs all next week from Monday through Friday. 20,000 HEGE will be distributed to the top 10 accounts on the leaderboard, as well as some of the top quality raiders (to be picked by the team). It‚Äôs simple: show up, raid, and get rewarded.

# Summer Merch Drop

https://preview.redd.it/h7bq7iuqv3cf1.jpg?width=1080&format=pjpg&auto=webp&s=95bc66c171255feafb04ebee826dfc68da25e25a

Hege recently launched a merch store. However, not content to rest on their laurels, the team will be dropping brand-new summer wear next week! Link at the bottom.

# Bitrue Alpha Listing

https://preview.redd.it/89vk323dx3cf1.png?width=1500&format=png&auto=webp&s=bf7f0279474f4218b549821a8d124e5b24eb783c

Bitrue has officially offered HEGE a listing on its brand new Alpha platform! Timing is still TBA, but it‚Äôs locked in and coming soon.

To celebrate, we‚Äôll be teaming up with Bitrue to run some $HEGE giveaways and competitions for their customers.

# Live Shill Competitions

Hege understands the importance of X Spaces discussions to reach new investors. The team is offering up to $500 USD in prizes to the best speakers who know how to pitch HEGE with energy, clarity, and conviction.

There are many, many more initiatives coming down the pipeline for the Hege community. Can you guess what might be coming next? Here's a hint, and no, it's not a game.



[Please don't sue us Riot.](https://preview.redd.it/fqxmlgpvv3cf1.jpg?width=1250&format=pjpg&auto=webp&s=8b6a8a6d001f3e7aeb001872b0a40107efb98ea9)

Links to everything can be found here:

[https://www.reddit.com/r/HegeCoin/comments/1im0w1l/news\_community\_links/](https://www.reddit.com/r/HegeCoin/comments/1im0w1l/news_community_links/)",False,45.0,
Hege pumped 40% in hours: Here's why,This Project looks solid,True,1.0,
Hege pumped 40% in hours: Here's why,Is hege a eth memecoin? I just joined my first memecoin on eth and and looking for some others to invest in.,True,1.0,
Why is voter turnout in DAOs so low ‚Äî any thoughts?,"Most Snapshot proposals I check lately barely crack 5‚Äì10% participation, even in top protocols.

Are we seeing DAO fatigue? Or is the process too clunky?

What would make you vote more often in DAO proposals? Push notifications? TL;DRs? Rewards?

Wondering if it‚Äôs a UX or motivation problem ‚Äî or both.",False,2.0,
Why is voter turnout in DAOs so low ‚Äî any thoughts?,No skin in the game. Doesn‚Äôt matter if the vote goes through or not so long as the token they‚Äôre betting on continues to rise in value. (Market value is only superficially related to governance.),True,1.0,
Why is voter turnout in DAOs so low ‚Äî any thoughts?,"Most people just don‚Äôt care enough to vote, a hard problem to solve. It‚Äôs really that most people aren‚Äôt constantly engaged in the coins they buy and are more passive members.",True,1.0,
"The First created quantumcurrency appreciated by the largest defense corporation in the world - Lockheed Martin, will cooperate with Ethereum","The first quantum currency ever created, QRL, will power Ethereum. The cooperation of the first quantum currency QRL with NIST (National Insitute Standards and Technology) and the Largest arms corporation in the world - Lockheed Martin - has proven its effectiveness.

[https://www.benzinga.com/partner/cryptocurrency/24/07/39929194/lockheed-martin-looks-to-the-quantum-resistant-ledger-for-secure-blockchain-communication](https://www.benzinga.com/partner/cryptocurrency/24/07/39929194/lockheed-martin-looks-to-the-quantum-resistant-ledger-for-secure-blockchain-communication)

[https://www.army-technology.com/data-insights/lockheed-martin-in-cybersecurity-theme-innovation-strategy/](https://www.army-technology.com/data-insights/lockheed-martin-in-cybersecurity-theme-innovation-strategy/)

Ethereum Benefits in Future Update of ZOND, QRL's First Quantum Currency.

1. **Quantum-Resistant Security** ZOND QRL is designed with post-quantum cryptography at its core. This provides a high level of protection against future quantum computing threats. As Ethereum continues to grow in value and importance, collaboration or integration with quantum-resistant technologies like ZOND could help safeguard user assets in the long term.
2. **Cross-Chain Interoperability** The ZOND update improves communication capabilities with other blockchain networks, including Ethereum. This creates opportunities for secure cross-chain bridges and decentralized applications that can interact safely between both ecosystems.
3. **Advanced Smart Contract Capabilities** ZOND introduces a new layer of smart contract functionality that can serve as a secure environment for quantum-safe applications. Ethereum developers interested in post-quantum security may benefit from using or building on ZOND as an added layer of protection.
4. **Decentralization and Governance Synergy** Both Ethereum and QRL value decentralized governance. The ZOND update strengthens community-driven decision-making, providing a governance model that can inspire or collaborate with Ethereum-based DAOs.
5. **Developer Collaboration and Innovation** The upgrade creates new opportunities for developers from both communities to work together on building quantum-secure solutions, interoperability tools, and hybrid dApps that leverage the strengths of both blockchains.
6. **Future-Proofing the Ecosystem** By adopting quantum-resistant infrastructure now, ZOND QRL helps raise awareness in the broader crypto space‚Äîincluding Ethereum‚Äîabout the importance of preparing for quantum threats. This benefits the entire blockchain community by encouraging proactive security development.
7. **With the launch of ZOND, the QRL quantumcurrency will be listed on major Tier 1 exchanges.**

# QRL Zond ‚Äì The Upgrade Ethereum Needs for the Post-Quantum Era

The Ethereum community has always led the charge in blockchain innovation: smart contracts, DeFi, NFTs ‚Äì all born from a bold and visionary ecosystem. But a new era is approaching ‚Äì the **era of quantum computing**, which poses a real threat to the cryptographic foundations that blockchains like Ethereum rely on.

Enter **QRL (Quantum Resistant Ledger)** with its groundbreaking **Zond upgrade** ‚Äì the world‚Äôs first **post-quantum, EVM-compatible chain**. This is where Ethereum‚Äôs community should pay close attention ‚Äî not to see QRL as a competitor, but as a **critical ally**.

# What Does Zond Change?

1. **Quantum Resistance Built In** Zond uses quantum-resistant cryptography (XMSS), protecting against quantum threats *today* ‚Äî not in theory, but in practice. Ethereum, as powerful as it is, still relies on ECDSA ‚Äì an algorithm that *will* be vulnerable to quantum attacks.
2. **Full EVM Compatibility** Zond allows smart contracts written for Ethereum to run seamlessly. Developers from the Ethereum ecosystem can build on Zond using the same tools they already know ‚Äî but now with post-quantum security.
3. **Future-Proof Infrastructure** QRL isn‚Äôt just preparing for the future ‚Äî it‚Äôs **building** it. With Zond, any Ethereum project can instantly gain quantum resistance without sacrificing flexibility or familiarity.

# Why Ethereum and QRL Should Move Forward Together

Ethereum is the most dominant force in Web3. But with dominance comes the responsibility to **secure the foundation**. This is where QRL steps in ‚Äî as a shield, a bridge, and a partner.

By investing in QRL, the Ethereum community is not just diversifying ‚Äî it's **future-proofing**. It's supporting innovation that *enhances* Ethereum‚Äôs reach and resilience.

# What Can You Do Today?

* **Deploy** a smart contract on Zond ‚Äî porting from Ethereum takes minutes.
* **Consider** allocating part of your ETH portfolio into QRL ‚Äî as a strategic hedge.
* **Learn** more about quantum-resistant cryptography ‚Äî because the future is approaching fast.

**QRL Zond isn‚Äôt an alternative to Ethereum ‚Äî it‚Äôs an enhancement.**  
It‚Äôs the quantum-resistant infrastructure Ethereum doesn‚Äôt yet have ‚Äî but absolutely will need.",False,5.0,
"The First created quantumcurrency appreciated by the largest defense corporation in the world - Lockheed Martin, will cooperate with Ethereum","This is a compelling development that Ethereum folks shouldn‚Äôt overlook.

QRL (Quantum Resistant Ledger) was built from the ground up with quantum resistance in mind - unlike most other chains, which are now trying to retrofit that protection. With the Zond upgrade, QRL becomes the first EVM-compatible, post-quantum secure blockchain, meaning Ethereum developers can port smart contracts over with little to no friction while gaining quantum resistance from day one.

The timing is important. NIST has already selected post-quantum algorithms for standardization, and nation-state interest in quantum computing (like China's) is not slowing down. Projects like QRL have been preparing for this moment for years.

For those interested in learning more:

The QRL website has a solid technical overview and roadmap.

The QRL Discord (https://www.theqrl.org/discord) is active and full of devs and researchers - great for asking questions or kicking the tires on Zond.",True,1.0,
Advice - $PLTR for $ETH,"Wanting to hear thoughts on selling 100 shares of PLTR to dump into ETH. 

What would you do? ",False,1.0,
Seeking Advice: Securely Withdrawing ETH from an Old Smart Contract (Avoiding Front-Running),"Back in 2019, my brother created a learning project and sent me 2 ETH, locking it in a simple Solidity smart contract as a kind of ""puzzle vault.""

The purpose was educational. The contract uses a passphrase mechanism and a unlock condition:

**Unlocking Conditions:**

To successfully withdraw the ETH, the caller must:

1. Know the original passphrase (which I do), and
2. Send at least twice the contract's current ETH balance in the same transaction.

Here‚Äôs the contract for reference:

    pragma solidity ^0.5.0;
    
    contract HiddenVault {
        bytes32 private hashedSecret;
    
        constructor(bytes32 _hashedSecret) public payable {
            hashedSecret = _hashedSecret;
        }
    
        function unlock(bytes memory passphrase) public payable {
            uint256 vaultBalance = address(this).balance - msg.value;
            require(msg.value >= vaultBalance * 2, ""Insufficient collateral"");
            require(sha256(passphrase) == hashedSecret, ""Wrong passphrase"");
            selfdestruct(msg.sender);
        }
    }

**My Concern:**

The current balance is 2 ETH, so to meet the contract‚Äôs conditions I would need to send 4 ETH in the same transaction. If successful, the contract would self-destruct and transfer the total (6 ETH) to the caller (me), per its logic.

**Questions:**

1. Is Flashbots Protect RPC the best approach to prevent this kind of front-running?
3. How risk is do execute this contract? Can I be 100% sure I wont lose any eth?
3. Has anyone handled similar unlock patterns recently? I‚Äôd appreciate any advice on gas settings, transaction bundles, or examples.",False,2.0,
roast my project,"I am building USD8 - a stable coin wrapper with passive super powers. By wrapping stable coins into USD8, you gain extra super powers on top like hack coverage, transfer fee reimbursement, chances to win free lottery ticket etc.

landing page - [https://usd8.finance/](https://usd8.finance/)

tech docs - [https://docs.usd8.finance/](https://docs.usd8.finance/)

How can I make it better? What super powers would you like to have? ",False,1.0,
Fundraiser for participation in eth global,"Hi, I started this fundraiser, Participation for Eth global hackathon, on GoFundMe and it would mean a lot to me if you‚Äôd be able to share or donate to it. https://gofund.me/dcd691e2",False,1.0,
Need a small amount of Sepolia ETH to deploy my token (Learning Project),"Hi everyone,  

I'm currently learning Ethereum development and trying to deploy my ERC-20 token ""TilluCoin"" on Sepolia testnet using Remix and MetaMask.



Unfortunately, I don't have any Sepolia ETH and the faucets now require mainnet ETH which I can't afford.



If anyone could spare a small amount (0.01 Sepolia ETH), I‚Äôd really appreciate it ‚ù§Ô∏è



Here‚Äôs my wallet address:  

0xE52c62378F3E50dD339f0d3533b568637B08Eb71



Thanks a lot in advance üôè  

",False,1.0,
Starting to buy aigain,Bought 4 eth today at 2510. I'll buy more this week.,False,2.0,
Starting to buy aigain,Cool story,True,3.0,
Starting to buy aigain,Starting to Love again?,True,1.0,
Tom Lee‚Äôs Investment Thesis,"Lee‚Äôs thesis is that large banks like JPM and BofA will issue stablecoins and buy ETH to stake. Doesn‚Äôt this diminish the point of decentralization? Isn‚Äôt that the primary benefit that Ethereum has clung too over the years?

He said nothing about increased fee revenue, likely because L2s efficiency gains will offset the increased volume. Ethereum‚Äôs network usage (mainnet) has declined in 2025, leading to lower transaction volumes and gas fees. For example, in March 2025, the daily burn volume hit an all-time low of 53.07 ETH.

Can someone explain to me what will drive value if increased usage, primarily on L2s, won‚Äôt drive significant fee revenue? 

Banks accumulating and staking ETH would impact supply and demand dynamics but at the cost of decentralization. Additionally banks staking large amounts of ETH to secure the network for their stablecoins would reduce the yield for staking ETH. Is Lee‚Äôs thesis sound?

I‚Äôm not questioning ETH‚Äôs value as a technology, I think it will be widely adopted. But, I don‚Äôt see its adoption significantly driving price appreciation.

I would be interested in anyone‚Äôs thoughts on this, especially if you disagree.",False,1.0,
"[ discussion ] Is it realistic for ETH at ~$2500 to reach $5000 this year, considering macro and BTC dominance?","Hi everyone,

I‚Äôm not new to crypto, but I don‚Äôt do deep technical analysis and mostly follow news, macro trends, and Bitcoin dominance to guide my ETH decisions.

ETH is around $2500 now, and I‚Äôm considering adding to my position. I‚Äôm trying to understand if it‚Äôs realistic for ETH to reach ~$5000 within this year or if that‚Äôs too optimistic.

I‚Äôve seen discussions about potential ETH ETFs, Bitcoin dominance possibly dropping, and the possibility of an altcoin season that could push ETH and other alts higher if BTC stabilizes or slows down. I‚Äôm also keeping an eye on the Fed, inflation data, and rate cuts, as these could influence liquidity and risk appetite for crypto.

On the other hand, I‚Äôve heard some people mention a possible recession next year, which might impact markets or delay any strong crypto rally. I‚Äôm trying to understand how much these macro factors and BTC dominance shifts realistically influence ETH‚Äôs price in a year timeframe.

For those actively tracking ETH and market cycles, do you think a 2x this year for ETH is possible if we get a good macro environment, or is it better to have lower expectations and continue steady accumulation without hoping for a big rally?

Not looking for financial advice, just curious about your perspectives and what you‚Äôre watching this year for ETH.

Thanks for taking the time to share your views!",False,4.0,
"[ discussion ] Is it realistic for ETH at ~$2500 to reach $5000 this year, considering macro and BTC dominance?",10k programmed,True,5.0,
"[ discussion ] Is it realistic for ETH at ~$2500 to reach $5000 this year, considering macro and BTC dominance?",i dont think so if btc hits 250 then maybe eth can hit 5k but again just for a very short period time and it would collapse quickly down,True,4.0,
"[ discussion ] Is it realistic for ETH at ~$2500 to reach $5000 this year, considering macro and BTC dominance?",4x your money GG.,True,1.0,
"[ discussion ] Is it realistic for ETH at ~$2500 to reach $5000 this year, considering macro and BTC dominance?","Absolutely possible ‚Äî ETH hitting $5K needs a strong macro + ETF catalyst, but alts like $WHITE could outperform ETH 5x if that momentum kicks in.",True,1.0,
"[ discussion ] Is it realistic for ETH at ~$2500 to reach $5000 this year, considering macro and BTC dominance?","There's a huge possibility we see ETH get to $10K with the recent ETF launches, I believe this provides a perfect opportunity to hold ETH derivatives like hETH on Haven1 since you can get as much has 10% APY from it.",True,1.0,
"[ discussion ] Is it realistic for ETH at ~$2500 to reach $5000 this year, considering macro and BTC dominance?",[removed],True,1.0,
"[ discussion ] Is it realistic for ETH at ~$2500 to reach $5000 this year, considering macro and BTC dominance?","it is most definitely possible, wouldnt be the first time but saying when is impossible",True,1.0,
"[ discussion ] Is it realistic for ETH at ~$2500 to reach $5000 this year, considering macro and BTC dominance?","IMO one of the mistakes peeps make is overfocus on fundamentals. Crypto is primarily sentiment driven. There was a shakeup in the ETH board recently. Investors have been responding positively. And hence the recent run up. 

You question is really, ""Can ETH have another BUY event?"" IMO, no. ETH has been dropping the ball when it comes to marketing.",True,1.0,
"[ discussion ] Is it realistic for ETH at ~$2500 to reach $5000 this year, considering macro and BTC dominance?",No,True,1.0,
"[ discussion ] Is it realistic for ETH at ~$2500 to reach $5000 this year, considering macro and BTC dominance?","No, it is a stablecoin.",True,1.0,
"[ discussion ] Is it realistic for ETH at ~$2500 to reach $5000 this year, considering macro and BTC dominance?",No,True,1.0,
"[ discussion ] Is it realistic for ETH at ~$2500 to reach $5000 this year, considering macro and BTC dominance?",Yes,True,1.0,
"[ discussion ] Is it realistic for ETH at ~$2500 to reach $5000 this year, considering macro and BTC dominance?",1FeMGEpVEmoaU2sQNGFGfv4RDBXtTCLDg2,True,1.0,
"[ discussion ] Is it realistic for ETH at ~$2500 to reach $5000 this year, considering macro and BTC dominance?",You should have sold your Eth for BTC a loooong time ago. Best decision I‚Äôve ever made.,True,1.0,
"[ discussion ] Is it realistic for ETH at ~$2500 to reach $5000 this year, considering macro and BTC dominance?",Yes!,True,1.0,
"[ discussion ] Is it realistic for ETH at ~$2500 to reach $5000 this year, considering macro and BTC dominance?",No,True,1.0,
"[ discussion ] Is it realistic for ETH at ~$2500 to reach $5000 this year, considering macro and BTC dominance?",One more trust me bro,True,1.0,
"[ discussion ] Is it realistic for ETH at ~$2500 to reach $5000 this year, considering macro and BTC dominance?",another crypto guru,True,1.0,
everything u need to know about eth is here!!!,everything u need to know about eth is here https://youtu.be/ByvYUkEi3O8?si=850aBNDvgLWMzX4y,False,1.0,
I have a question,"What‚Äôs on this screenshot, like what is this code. A friend of mine said that is might be multiwallet but i have no idea. If you can recognise that code it would be very helpful. Thanks for reading. ",False,1.0,
I have a question,"It's not code. It's a storage mechanism for environment variables or something, likely used by another application",True,1.0,
I have a question,"The interface shows some config files, and the console displays what looks like transaction or distribution operations. The steps and amounts shown (e.g., 2.7999 SOL) suggest this might be a batch payout or smart contract execution. Also, the left-hand menu has a ""Wallet"" option (not sure which crypto wallet this is), which further points to this being some kind of crypto management tool.

Putting it all together, this is likely:

* Bulk cryptocurrency distribution.
* Testing or executing smart contract code.
* Managing a crypto wallet or tracking transactions.",True,1.0,
I have a question,"Finding an 100X on solana in my opinion is pretty easy, you just need to bet on projects with cult communities like TSUKA, PEPE and A47.",True,1.0,
ETH discussion,"What up Dudes and Dudettes!

The price of ETH is crashing again due to war breaking out in the Middle East. 

Yes, i know that the Ethereum blockchain does so much more than what the Bitcoin Blockchain can every do. (Digital Oil). 

Smart contracts, the tokenization of real world assets, giving people the ability to buy up Real Estate or other physically assets overseas without acutally having to go there in person, still the majority of DeFI is all based on the Ethereum Blockchain.

The Ethereum Blockchain just went throught the
Pectra upgrade,  this giving it increased scalability and making it easier for the developers to build on. 

I have also noticed the Gas fees to using the Ethereum Blockchain have drop significantly, making it more attractive to use. 

But my main question is:
When do the developers make the next killer app on the Ethereum Blockchain which really gives it some real world use cases, something that the common person in the streets will be using?? Developers have been building on the Ethereum Blockchain for over 10 years now, I mean WFT! 

Metcalfs Law:
The more people that use the Blockchain, hopefully price go up? 

Rant over! üòû",False,1.0,
ETH discussion,DeFi IS the killer app.,True,1.0,
How do I get sepolia eth can someone help me,"Hey devs,
I‚Äôm testing a smart contract on Sepolia and all the faucets are asking me to already have 0.001 ETH before I can even get started.

Could someone help me fix this would appreciate it

0xd10d3D10C3E93f5808882046A91d33f80d1464C6",False,2.0,
How do I get sepolia eth can someone help me,[removed],True,1.0,
How do I get sepolia eth can someone help me,Sorry I didn't see this sooner.  You found a faucet i assum?,True,1.0,
How do I get sepolia eth can someone help me,Lfg,True,1.0,
How do I get sepolia eth can someone help me,Solid project. Undervalued.,True,1.0,
How do I get sepolia eth can someone help me,$Bario doing it again!,True,1.0,
How do I get sepolia eth can someone help me,This is some exiting hacker stuff,True,1.0,
How do I get sepolia eth can someone help me,That's very impressive,True,1.0,
How do I get sepolia eth can someone help me,I love everything this team has been doing,True,1.0,
How do I get sepolia eth can someone help me,"Wow this is sick! 

You guys are killing it !",True,1.0,
"""Ethereum reste-t-il le meilleur choix face √† Solana et Cardano ?""","Salut √† tous les passionn√©s de crypto ! üåê‚ú®

Ethereum, c'est un peu le grand fr√®re de la blockchain, non ? Depuis son lancement en 2015, il a r√©volutionn√© le monde des contrats intelligents et des DApps. Mais avec la mont√©e en puissance de concurrents comme Solana et Cardano, est-ce qu'Ethereum reste le roi incontest√© ? üèÜ

Le passage √† Ethereum 2.0 avec le Proof of Stake promet des transactions plus rapides et moins √©nergivores, mais les mises √† jour sont lentes et les frais de gaz restent un sujet de d√©bat. üí∏üî•

Et vous, qu'en pensez-vous ? Ethereum est-il toujours le meilleur choix pour les d√©veloppeurs et les investisseurs, ou est-il temps de regarder ailleurs ? Partagez vos avis et exp√©riences ! üí¨

Cedric de MondialSwap",False,2.0,
Any lending protocol has User-Customizable Loans?,"‚ÄúIf my health factor < 1.3, repay 10% from wallet X.‚Äù
",False,1.0,
Where to find crypto developers?,"Working on a crypto project right now, and we need a developer to create a website for us and integrate it with a crypto coin. Im just going to straight up ask people on reddit to point me to the right direction if thats fair. We're a team of 12, and we would like someone professional to work with. I want someone who can not only design the website, but also integrate it with say web3 applications. Where should I start looking for someone like this? Would appreciate if someone could just point me to the right direction",False,7.0,
Where to find crypto developers?,"Im a fullStackDappDeveloper, what exactly are you building?",True,2.0,
Where to find crypto developers?,Be careful. Lots of scammers out there.,True,2.0,
Where to find crypto developers?,"Is it just a gig or are you looking for a long term contributor?

You can ping me and we can talk about things.",True,2.0,
Where to find crypto developers?,go upWork and find there,True,1.0,
Where to find crypto developers?,Thats what I build [Web3Wizz.com](http://Web3Wizz.com) for - let me know if you would like me to set it up for you (free)- only pay if you like it? Dm me,True,1.0,
MISTAKE OF THE NETWORK POSSIBLE RETURN?,"hello instead of sending to eth network I sent to base is it possible to return at least 50%

https://preview.redd.it/kjz4a0gl7k7f1.png?width=454&format=png&auto=webp&s=26253bca9f818075e6e70de05ec41a0f7ebf7439

",False,1.0,
What do you think about this onchain ‚ÄúHello World‚Äù creator cult? (AI + crypto + memes),"Hey frens, curious to get your take on something I‚Äôve been tracking lately.

It‚Äôs called **Hello World Computer** but it‚Äôs not a protocol, a product, or a polished DAO. It‚Äôs more like a memetic campfire for creators who live onchain. A collective with a token, yes, but the focus is culture > capital.



The premise is simple:

**Say hello. Every day. In public. With others.**

That‚Äôs the protocol.

What‚Äôs wild is how international and human it feels. The content isn‚Äôt algorithmic or hyper-polished, it‚Äôs raw, emotional, sometimes weird, and totally driven by AI tools, meme formats, writing, images, and shared moments.

It‚Äôs giving digital zine energy meets Ethereum spiritual layer.

No influencer farming. No engagement hacks. Just people creating and responding to each other, every day, onchain.

They‚Äôre not promising a platform. They‚Äôre not selling a roadmap.

They‚Äôre **posting conviction** and building a creator scene where the chain is the canvas.

I attached some visuals that capture the vibe. Definitely different from your average token community.



Would love honest thoughts:

¬†‚Ä¢ Could something like this actually grow?

¬†‚Ä¢ Does it feel like the beginning of a new kind of onchain creative movement or just a cool little niche?

¬†‚Ä¢ Would you participate in something like this?



Not pitching anything, just intrigued. Feels refreshing in the sea of noise.



Thanks for any real takes! üëãüåçüñ•Ô∏è",False,4.0,
What do you think about this onchain ‚ÄúHello World‚Äù creator cult? (AI + crypto + memes),"Hello, it‚Äôs universal. Important for peps to gather",True,1.0,
What do you think about this onchain ‚ÄúHello World‚Äù creator cult? (AI + crypto + memes),i dont think i understand this and main concepts,True,1.0,
What do you think about this onchain ‚ÄúHello World‚Äù creator cult? (AI + crypto + memes),"there is a gm culture on twitter, or you want to do it at blockchain? so not everyone want and have money to spent for string message at blockchain daily",True,1.0,
I stopped following hype and built a system ‚Äî it saved me from losing more,"When I got into crypto, I thought I was playing smart.
Watched the charts. Read the subreddits. Followed influencers.
Still lost money.

What I realized?
I wasn‚Äôt investing ‚Äî I was reacting.
Buying late, panic selling early, chasing trends I didn‚Äôt understand.

So I stopped the guessing and built a structure ‚Äî a ‚Äústarter map‚Äù that walked me through the 7 moves to make before touching any coin.

Since then:

‚Üí I know what not to do (this alone saved me more than I made)

‚Üí I only track coins that align with my long-term vision

‚Üí I finally feel like I‚Äôm in control of my own decisions

Crypto is a minefield for beginners ‚Äî but if you have a plan, you stop stepping on every trap.

If anyone‚Äôs tired of the confusion, I‚Äôm happy to share the 7-step structure that helped me move cleaner and smarter.",False,2.0,
I stopped following hype and built a system ‚Äî it saved me from losing more,"Nice writing! There is certainly people that manages to determine where a chart is gonna go. It just takes massive amounts of individual maturity most of these people, breakout artists, swingers, ICT prefessionals have discipline to sit on the sidelines with all the fomo and resentment until the right conditions appear.
 
I'm neither of these I just buy when I think it's relatively low and ETH and BTC so not much risk. What really got me into crypto is my disbelief in fiat and governments. I feel like normal people need to hedge against governmental corruption, esp what kind of behaviour they displayed during Corona and the mass psychosis of the public scares me.

There is also this argument of transactional parity, my work that I sell to customers have an exponential factor to it. Some customers use my work and make billions of it extracting oil. My salary has a factor of diminishing return to it, in the 1950 one dollar where something. Today it's nothing. If I would one day be payed in BTC I think the transaction between me and my customer would be free from corruption and we would get back to money backed by something tangible like gold. As it is now the only thing backing up the dollar is peoples belief that it is worth something. Sooner or later they are going to realise that it's worthless since it's corrupt. 

To me crypto is that future and a way for markets to measure the scales once more. It's like how long is one yard? Or one metric ton? Fundamentally I don't thing that there is anything more valuable to spend money aquiring.",True,1.0,
I stopped following hype and built a system ‚Äî it saved me from losing more,Why are there so many AI bot posts,True,1.0,
Curious how others are navigating things after TGE season,"I‚Äôve been through my fair share of token launches, and honestly, I didn‚Äôt expect much from this one at first. But after claiming my YND airdrop and poking around a bit more, I gotta say, it actually felt like a project that thought things through.

What stood out to me is how they structured the community allocation. Around 40% of the total supply is going toward actual users, not just early insiders or whales. That‚Äôs rare. I ended up locking some into veYND to test out the voting and revenue mechanics, and left a chunk in sdYND so I can move if I need to.

Feels like they‚Äôre trying to build more than a quick token launch. If anything, it‚Äôs refreshing to see something that doesn‚Äôt feel rushed or purely hype-driven.

Anyone else here get in on it? Curious how you're using your YND.",False,0.0,
Looking for enthusiasts,"I have a good game idea 

Im looking for PhotoShop or Figma artist, React dev, Game engineer, witer(mostly interest in Fantasy)

If you are beginner at any of this directions you are well come

P.S. This is not a sponsored project, I'm building a team from scratch so no one is talking about earning money yet, we are here for experience",False,2.0,
Looking for enthusiasts,"React dev over here, feel free to ping",True,1.0,
Looking for enthusiasts,Your responses to comments make no sense.,True,1.0,
Looking for enthusiasts,Few-mine7787 is a bot.,True,0.0,
Looking for enthusiasts,"The guy said he was a react dev. You literally wrote in your headline , looking for a react dev and some other shit.",True,0.0,
Starting to see who‚Äôs really building for the long haul in DeFi,"Been spending more time filtering out noise lately and honestly, projects like YieldNest are standing out more. They recently launched their TGE, and the way they‚Äôve handled it actually gives me some hope for where DeFi is going.

Instead of just throwing out tokens for short-term gains, they‚Äôre taking a more community-aligned approach. I got some YND from the airdrop and ended up locking part of it into veYND ‚Äî which gives voting rights and protocol rewards. The rest I parked in sdYND to stay flexible.

Feels like they‚Äôre trying to build something sustainable rather than another pump-and-dump. Plus, with 40% of the supply reserved for community incentives, there‚Äôs a clear focus on rewarding people who actually participate.

Not saying it‚Äôs a guaranteed moonshot, but it‚Äôs refreshing to see more thoughtful design in tokenomics. Curious how others are playing this post-TGE phase. Holding, staking, or just watching?",False,1.0,
See you at 3200$,"Before Jun 27 and we are good boys, it was a fun run, got scared multiple times BUT I can feel thepower in this one. thoughts?",False,11.0,
See you at 3200$,and prayers,True,3.0,
See you at 3200$,Do you still feel like your prediction will come to pass?,True,1.0,
My take on veYND so far,"Been diving deeper into the whole veYND thing, and honestly, it's starting to feel like the real foundation of what YieldNest is building.

Locking up $YND for veYND gives you voting power, and yeah the longer you lock, the more weight you get. But it‚Äôs not just about influence, it‚Äôs more about being part of how this whole thing evolves. Proposals, future directions, even protocol changes it‚Äôs all going to run through governance, and veYND is your way in.

What I like about it is that it actually rewards long-term thinking. You're not just sitting on a token and hoping. You‚Äôre involved.

I‚Äôm still figuring it all out myself, but if you care about the future of YieldNest, veYND seems like something worth looking into. The system‚Äôs live, and people are starting to pay attention.

Let‚Äôs see how the first votes play out.",False,2.0,
Is xiwifin a scam?,"I am a Crypto investor. I have recently been using an OTC trading platform called xiwifin. I have looked up some information about xiwifin online, but there is very little information about xiwifin. Has anyone used xiwifin?",False,0.0,
Is xiwifin a scam?,"I also used xiwifin, and it's really good, especially for short-term trading. The trading speed is super fast, the interface is user-friendly, and the fees are pretty low. I have traded some crypto on it and had a great experience. If you're thinking about short-term trading, I think xiwifin would be a nice choice",True,1.0,
Is xiwifin a scam?,I have been using it for over a year and it is 100% a stable OTC exchange,True,1.0,
Is xiwifin a scam?,"Xiwifin is really practical. It gives me a sense of professionalism, stability and security. Most importantly, the platform is highly compliant, and the multi-factor authentication and asset protection mechanisms make me feel at ease",True,1.0,
Claimed 200k YND from the YieldNest TGE,"The YieldNest TGE happened on June 3 and I was able to claim around 200k YND. It caught me off guard a bit since I hadn‚Äôt been tracking it too closely, but I‚Äôve got to say, it felt good to finally see a project reward real users.

Looking into it, about 40 percent of the total supply is going to community incentives over time. The Genesis airdrop alone was 6.5 percent, and it looks like most of the distribution is designed for long-term alignment rather than short-term hype.

I ended up locking some YND into veYND. That gives voting power and a cut of protocol revenue through a buyback model. I also checked out sdYND for a more flexible option that still earns something while staying liquid.

Not financial advice obviously, but it‚Äôs been interesting to see a drop that wasn‚Äôt instantly dumped into oblivion. Anyone else claim? Curious how others are thinking about using their YND.",False,0.0,
$Hege! The Future of Memecoins on Solana,"$Hege isn't just another memecoin¬† it's a revolution in the making. With an ambitious roadmap, an ever-growing community, and a unique fusion of storytelling and real utility, HegeCoin is redefining what a memecoin can achieve. Unlike fleeting trends, Hege is focused on building a **brand** that fosters organic growth, real engagement, and long term value. Are you ready to be part of something bigger???

https://preview.redd.it/sfeotph0dj5f1.jpg?width=968&format=pjpg&auto=webp&s=bc51f03be0ad9137b21225c73adc520a3a05be58

**You want to know why $Hege is the Ultimate Crypto Opportunity?**

1. **Explosive Growth Milestones**
   * Hege‚Äôs strategic roadmap is designed with progressive market cap milestones that unlock new chapters in Hege's inspiring journey.
   * Each milestone brings new opportunities, products, and momentum, ensuring continuous community excitement and sustainable growth.
2. **A Brand, Not Just a Memecoin**
   * Hege stands out by building an authentic, recognizable brand with staying power.
   * Through strategic marketing, storytelling, and community driven initiatives, Hege is carving its niche as more than just another crypto project.
   * The team‚Äôs dedication to delivering tangible value and creating meaningful partnerships sets Hege apart in a crowded market.
3. **Passive Income with Hegends NFTs**
   * The exclusive Hegends NFT collection (2,222 unique hand-drawn assets) offers real benefits with monthly $HEGE rewards.
   * NFT holders enjoy passive income through an 8% royalty fee, fueling sustained earnings and appreciation in value.
   * Tiered rarity levels provide unique rewards, with legendary holders unlocking exclusive privileges and greater rewards.
4. **A Thriving, Engaged Community**
   * HegeCoin has built an organic, passionate following with amazing social media followers and an active Telegram group.
   * The project‚Äôs transparency and community driven nature ensure trust and credibility, with regular updates and engagement.
   * Hege‚Äôs growth is fueled by real user interest and strategic system, setting it apart from artificial pump and dump schemes.

https://preview.redd.it/em9gx022dj5f1.jpg?width=1280&format=pjpg&auto=webp&s=17ace308a27046c1efe2a3eff1f0ed7bb3b4a446

**Get Involved and Join the Hege Revolution**

* Purchase $HEGE ¬†and become part of an exciting, forward thinking community.
* Explore the NFT marketplace
* Stay up to date with the latest news and updates

¬†",False,2.0,
üöß Big Progress on the SickBuffalo.io Flagship Site. Here‚Äôs What‚Äôs Done and What‚Äôs Coming ü¶¨,"Over the past couple days we made a huge push forward on the future flagship site for $SICKB at sickbuffalo.io. Here‚Äôs what has been completed so far

‚úÖ Full repo is now on GitHub, clean and ready for development
‚úÖ Project is wired to Vercel with auto builds on commit
‚úÖ Old PEPU elements have been removed. The new Ethereum-native $SICKB token contract is live in site code
‚úÖ DEXTools chart is now embedded, clean and mobile-friendly
‚úÖ Hero section spacing, flow, and buttons updated
‚úÖ About section restructured with PEPU tokens removed and focused on the forward roadmap
‚úÖ Contracts section updated with correct $SICKB address and ETHscan links
‚úÖ NFT Marketplace page placeholder created and linked
‚úÖ Admin roles and dashboard architecture reviewed with future restructure planned
‚úÖ Wallet connection stack change is being planned from Thirdweb to Alchemy
‚úÖ ClickUp project board is now active and tracking all development progress


What‚Äôs ahead (my roadmap)

Next step is wallet stack change, moving from Thirdweb to Alchemy

Admin roles and user roles will be restructured for DAO and future Sick Buffalo League
Dashboards will be built

Admin Dashboard for operational and content tools

Council Dashboard for governance and voting
User Dashboard for staking, governance proposals, and SPL player profiles

Marketplace development will include NFT minting, trading, and staking inside the site
Wallet connection and gated features will support profile creation, staking rewards, and SPL league participation, and moooore yuuuuge!

UI and UX refinements will come after the core stack is upgraded


My goal

This is not just a marketing site. It is the functional hub for the entire $SICKB ecosystem including DAO, SPL, staking, NFTs, marketplace, and governance.


It is already night and day compared to where we started. There is still a lot of work ahead but the foundation is strong and moving fast.


TL;DR 

We are building. The flagship site is no longer a placeholder. It is becoming the command center of the ecosystem.

ü¶¨ SICKB is not a meme anymore. It is a machine ü¶¨


SICKB, Ethereum, DAO, NFT Marketplace, Crypto Community, Build In Public

#SICKB #Ethereum #DAO #NFTMarketplace #CryptoCommunity #BuildInPublic",False,1.0,
Check out Project #NOMAD,"Heyüëãüèæ 

Check out Project #NOMAD

https://x.com/genauxiweb3?s=11

BENEFITS:
üí∏ Earning 2% in upfront royalty distribution
üéüÔ∏è 3-day early access to the July drop + beyond
üéâ IRL perks unlocked ‚Äì think discounted entry to AuxiFest, exclusive hostings, and mint pop-ups
üß¢ Free exclusive merch (just pay shipping)
üîê Token-gated unlocks ‚Äì custom animations, mannerisms, and an invite-only Discord

üëÄ Oh, and only 18 rare FuHelmets exist ‚Äî those who own one? They're tapped into insider benefits üëë

üì£Mint is live right now for 0.06 ETH

üíª Best minting experience on desktop: genauxi.com

Send @GenAuxiWeb3 a screenshot of your token. Put #NOMAD for an entry in the HOLDER‚ÄôS ONLY Giveaway.

Get urself a #NOMAD today!",False,1.0,
Eth on Abstract,I had bridged to abstract for $big but cannot for the life of me get the eth back to eth main net,False,3.0,
Eth on Abstract,Have you tried on memebridge?,True,1.0,
üò≠,"Anyone to donate $1.50 on the eth network:

0x9F453dbE1C6928B424C03eD1af781376Fd3cC229

I need it to pay the gas fee ü•≤",False,0.0,
üò≠,Please guys ü•≤,True,1.0,
Buterin Says Ethereum Will Explode in 2026 ‚Äì The Best ERC-20 Tokens to Buy Before Ethereum Goes 10x,"


This may be the perfect time to look into the best ERC-20 tokens to buy before Ethereum goes 10x, which is what Vitalik Buterin hinted at recently.

Buterin took the mic during the ETHGlobal Prague conference on May 30 to address some of Ethereum‚Äôs problems, which led to $ETH plummeting in the charts even when the rest of the altcoins were surging.

One of the main problems? Network congestion during high-traffic periods, which results in subpar speeds and steep fees.

According to Buterin, 2026 will be Ethereum‚Äôs year.

Buterin believes that Ethereum is at a turning point to increase its performance and productivity tenfold, and that its native token could surge in 2026:

Such an achievement could propel Ethereum into the best-performing blockchains league, allowing it to compete with the likes of Solana, which is getting an upgrade of its own in the form of the upcoming Layer-2 Solaxy ($SOLX), in terms of speed and scalability.

But while a Layer-2 upgrade could do Ethereum a lot of good in terms of performance, it would also come with a major downfall in the network‚Äôs projected market capitalization.

According to Matthew Sigel, Ethereum could lose trillions in market cap if, when adopting its Layer-2 upgrade, it fails to balance its fundamentals. This could cause the projected $ETH price of $22K by 2030 to fall more in the ballpark of $7.3K, a cut of 67%.

",False,2.0,
Buterin Says Ethereum Will Explode in 2026 ‚Äì The Best ERC-20 Tokens to Buy Before Ethereum Goes 10x,In 2022 they said 2025 is THE year for ETH.now its 2026...yeah right. Still no 3K at the end of this cycle..,True,2.0,
Buterin Says Ethereum Will Explode in 2026 ‚Äì The Best ERC-20 Tokens to Buy Before Ethereum Goes 10x,"Bullshit tirle and story, put soyrce or it didn‚Äôt happen idiot",True,2.0,
Buterin Says Ethereum Will Explode in 2026 ‚Äì The Best ERC-20 Tokens to Buy Before Ethereum Goes 10x,"This is sooo interesting. 

I just minted a @GenAuxiWeb3 #NOMAD and secured my spot in the HOLDERS ONLY family. 

BENEFITS:
üì∑ Earning 2% in upfront royalty distribution

üì∑ 3-day early access to the July drop + beyond

üì∑ IRL perks unlocked ‚Äì think discounted entry to AuxiFest, exclusive hostings, and mint pop-ups

üì∑ Free exclusive merch
üì∑ Token-gated unlocks ‚Äì custom animations, mannerisms, and an invite-only Discord

üì∑ 18 rare FuHelmets exist - Owning one gets you tapped into insider benefits üì∑

üì∑ Mint is live right now for 0.06 ETH
üì∑ Best minting experience is on desktop: 
genauxi.com/mint/

GO GET YOU A #NOMAD ASAP before they sell out.",True,1.0,
ETH Memecoins,"New here, does anyone know why my tokens vanish? One minute I have 129,000 tokens, next minute I have 100. Any ideas? Thank you ",False,6.0,
ETH Memecoins,Check etherscan?,True,3.0,
ETH Memecoins,"Balance will not show for small tokens, not yet with enough holders or volume to reach a listing service like CoinGecko.  

For instance, my token, Sick Buffalo  SICKB 
ca
0x8172e2ff7009483ff98c24bd639c8078caced9a3

Can be found on listing services like Dexscreener, DEXTools, and GeckoTerminal

But not yet big enough for the big sites like CMC (other than information) or CG (which redirects to GeckoTerminal)

Search your token contract address on one of those.  If it has a liquidity pool, it will have a chart, transactions for viewing.",True,4.0,
ETH Memecoins,"Import into your wallet to a uniswap wallet, maybe?  I will go with the blockchain data and assume something is wrong with the wallet.",True,3.0,
üö® $WHITE on Ethereum Network Is Exploding! Here‚Äôs Why Everyone‚Äôs Watching üö®,"
The $WHITENET Fair Launch is LIVE at https://network.whiterock.fi/contribute?code=whitearmy and the numbers are going wild.

üí• +500% in 5 days
$WHITE just ripped past $1B market cap and is still climbing.

üß† Whales Are In
Verified wallets tied to Vitalik Buterin and WorldLibertyFi are interacting with the ecosystem.
Proof? It's all on Arkham:
‚Üíhttps://intel.arkm.com/explorer/token/whiterock

‚ö° Ultra-Fast Blockchain Tech
200,000 TPS. <2s finality. Native compliance layer. Built for real-world assets, not just memes.

üéØ Fair Launch Alpha
Contribute with $WHITE or $ETH ‚Äî get +5% bonus using code: WHITEARMY
Join here ‚Üíhttps://network.whiterock.fi/contribute?code=whitearmy

‚è≥ Don‚Äôt sleep on this. This is how $LINK and $ONDI stories began. Your entry window won‚Äôt stay open forever.

üëá Secure your spot now:
https://network.whiterock.fi/contribute?code=whitearmy",False,0.0,
üö® $WHITE on Ethereum Network Is Exploding! Here‚Äôs Why Everyone‚Äôs Watching üö®,Scam,True,3.0,
üö® $WHITE on Ethereum Network Is Exploding! Here‚Äôs Why Everyone‚Äôs Watching üö®,Scam,True,1.0,
Built a tool to tag and comment on crypto transactions (prevent scams and mistakes!),"I‚Äôm part of the team behind 0xTeabag, a Chrome extension that allows you to tag, label and comment on your transactions. This will actually keep you safe from human error and address poisoning.

We just wrote a piece that breaks down how we‚Äôre trying to help protect users *before* things go wrong: [https://medium.com/@0xTeabag/scammers-hate-this-tool-0xteabag-86b5689fe32a](https://medium.com/@0xTeabag/scammers-hate-this-tool-0xteabag-86b5689fe32a)

It‚Äôs not just about blocking‚Äîour goal is to make it easier to *label*, *flag*, and *collaborate*. Yes, we even added emoji support! 

Would love feedback from the community. What tools do you actually trust? What are we missing?",False,4.0,
